<?xml version="1.0"?>
<Interface Version="1" Minor="1">
	<Ifc Id="ROOT" Top="1">
		<Port Id="clk_123" Dir="IN"/>
		<Port Id="Reset_46" Dir="IN"/>
		<Port Id="Sw_45" Dir="IN"/>
		<Port Id="A41" Dir="OUT"/>
		<Port Id="B40" Dir="OUT"/>
		<Port Id="C35" Dir="OUT"/>
		<Port Id="D34" Dir="OUT"/>
		<Port Id="E32" Dir="OUT"/>
		<Port Id="F29" Dir="OUT"/>
		<Port Id="G27" Dir="OUT"/>
		<Port Id="P26" Dir="OUT"/>
		<Port Id="XLXN_30" Dir="OUT"/>
		<Port Id="XLXN_33" Dir="OUT"/>
		<Port Id="XLXN_43" Dir="OUT"/>
		<Port Id="XLXN_44" Dir="OUT"/>
	</Ifc>
</Interface>

