<?xml version="1.0"?>
<Interface Version="1" Minor="1">
	<Ifc Id="ROOT" Top="1">
		<Bus Id="w">
			<Port Id="3" Dir="IN"/>
			<Port Id="2" Dir="IN"/>
			<Port Id="1" Dir="IN"/>
			<Port Id="0" Dir="IN"/>
		</Bus>
		<Bus Id="r">
			<Port Id="3" Dir="IN"/>
			<Port Id="2" Dir="IN"/>
			<Port Id="1" Dir="IN"/>
			<Port Id="0" Dir="IN"/>
		</Bus>
		<Port Id="clk" Dir="IN"/>
		<Port Id="reset" Dir="IN"/>
		<Port Id="pwmy_pulse" Dir="OUT"/>
		<Port Id="pwmx_pulse" Dir="OUT"/>
	</Ifc>
</Interface>

