<?xml version="1.0"?>
<Interface Version="1" Minor="1">
	<Ifc Id="ROOT" Top="1">
		<Port Id="clk_50" Dir="IN"/>
		<Port Id="XLXN_27" Dir="OUT"/>
		<Port Id="XLXN_29" Dir="OUT"/>
		<Port Id="XLXN_30" Dir="OUT"/>
		<Port Id="XLXN_32" Dir="OUT"/>
		<Port Id="XLXN_33" Dir="OUT"/>
		<Port Id="XLXN_34" Dir="OUT"/>
		<Port Id="XLXN_35" Dir="OUT"/>
		<Port Id="XLXN_40" Dir="OUT"/>
		<Port Id="XLXN_41" Dir="OUT"/>
		<Port Id="XLXN_43" Dir="OUT"/>
		<Port Id="XLXN_44" Dir="OUT"/>
	</Ifc>
</Interface>

