<?xml version="1.0"?>
<Interface Version="1" Minor="1">
	<Ifc Id="ROOT" Top="1">
		<Bus Id="A">
			<Port Id="15" Dir="IN"/>
			<Port Id="14" Dir="IN"/>
			<Port Id="13" Dir="IN"/>
			<Port Id="12" Dir="IN"/>
			<Port Id="11" Dir="IN"/>
			<Port Id="10" Dir="IN"/>
			<Port Id="9" Dir="IN"/>
			<Port Id="8" Dir="IN"/>
			<Port Id="7" Dir="IN"/>
			<Port Id="6" Dir="IN"/>
			<Port Id="5" Dir="IN"/>
			<Port Id="4" Dir="IN"/>
			<Port Id="3" Dir="IN"/>
			<Port Id="2" Dir="IN"/>
			<Port Id="1" Dir="IN"/>
			<Port Id="0" Dir="IN"/>
		</Bus>
		<Bus Id="B">
			<Port Id="15" Dir="IN"/>
			<Port Id="14" Dir="IN"/>
			<Port Id="13" Dir="IN"/>
			<Port Id="12" Dir="IN"/>
			<Port Id="11" Dir="IN"/>
			<Port Id="10" Dir="IN"/>
			<Port Id="9" Dir="IN"/>
			<Port Id="8" Dir="IN"/>
			<Port Id="7" Dir="IN"/>
			<Port Id="6" Dir="IN"/>
			<Port Id="5" Dir="IN"/>
			<Port Id="4" Dir="IN"/>
			<Port Id="3" Dir="IN"/>
			<Port Id="2" Dir="IN"/>
			<Port Id="1" Dir="IN"/>
			<Port Id="0" Dir="IN"/>
		</Bus>
		<Port Id="clk_123" Dir="IN"/>
		<Port Id="A41" Dir="OUT"/>
		<Port Id="B40" Dir="OUT"/>
		<Port Id="com0_44" Dir="OUT"/>
		<Port Id="com1_43" Dir="OUT"/>
		<Port Id="com2_33" Dir="OUT"/>
		<Port Id="com3_30" Dir="OUT"/>
		<Port Id="C35" Dir="OUT"/>
		<Port Id="D34" Dir="OUT"/>
		<Port Id="E32" Dir="OUT"/>
		<Port Id="F29" Dir="OUT"/>
		<Port Id="G27" Dir="OUT"/>
	</Ifc>
</Interface>

