<?xml version="1.0"?>
<Interface Version="1" Minor="1">
	<Ifc Id="ROOT" Top="1">
		<Bus Id="bit">
			<Port Id="3" Dir="IN"/>
			<Port Id="2" Dir="IN"/>
			<Port Id="1" Dir="IN"/>
			<Port Id="0" Dir="IN"/>
		</Bus>
		<Port Id="A_41" Dir="OUT"/>
		<Port Id="B_40" Dir="OUT"/>
		<Port Id="C_36" Dir="OUT"/>
		<Port Id="D_34" Dir="OUT"/>
		<Port Id="E_32" Dir="OUT"/>
		<Port Id="F_29" Dir="OUT"/>
		<Port Id="G_27" Dir="OUT"/>
		<Port Id="XLXN_30" Dir="OUT"/>
		<Port Id="XLXN_33" Dir="OUT"/>
		<Port Id="XLXN_43" Dir="OUT"/>
		<Port Id="XLXN_44" Dir="OUT"/>
	</Ifc>
</Interface>

